epoch,step,val_loss,val_acc,val_calibration_error,val_chirality_violation,train_loss_epoch,train_acc_epoch,train_calibration_error_epoch
0,49,0.97285133600235,0.6154487133026123,0.1492905020713806,,0.997800350189209,0.6062794923782349,0.1362935155630111
1,99,0.9458547234535216,0.6268407702445984,0.1364018321037292,,0.9539554715156556,0.6193386912345886,0.124268390238285
2,149,0.9326988458633424,0.6293414831161499,0.1079183593392372,,0.9333409070968628,0.6292025446891785,0.1266999244689941
3,249,0.9021602272987366,0.6482356190681458,0.1239150092005729,,0.9163299798965454,0.6382328271865845,0.1205263659358024
4,299,0.8764686584472656,0.6942206025123596,0.1518309116363525,,0.8927512168884277,0.6668518781661987,0.1309049874544143
5,399,,,,,,,
